datetime,price_usd,variation_%
2025-04-06 09:04:45.936,3.072092266400752,0.0
2025-04-06 10:04:37.277,3.0716015370907255,-0.015973781627386798
2025-04-06 11:04:49.461,3.052708531502842,-0.630962002994132
2025-04-06 12:04:53.615,3.0561948189030312,-0.5174794934250558
2025-04-06 13:04:51.275,3.019816031809056,-1.7016492363669418
2025-04-06 14:02:56.616,2.9573723807028687,-3.7342591221157804
2025-04-06 15:04:31.622,3.007421671989426,-2.105099352601611
2025-04-06 16:05:36.986,2.996973006872656,-2.445214954956598
2025-04-06 17:00:49.805,2.93908552316246,-4.329516554335858
2025-04-06 18:09:41.570,2.862563190276751,-6.820403098422704
2025-04-06 19:07:25.485,2.783446430066604,-9.395741120507555
2025-04-06 20:09:28.341,2.8180682373652726,-8.268763012547566
2025-04-06 21:04:38.927,2.7549011731131894,-10.324920796053508
2025-04-06 22:04:42.414,2.7689198061347784,-9.868598791180485
2025-04-06 23:09:46.661,2.7629368766213207,-10.063349762005565
2025-04-07 00:04:49.249,2.7808158760718076,-9.481368561570012
2025-04-07 01:06:21.881,2.7738839919207687,-9.707009055081627
2025-04-07 02:42:29.856,2.8411162561404137,-7.518524517850786
2025-04-07 03:26:44.741,2.7918031284918094,-9.123721346993529
2025-04-07 04:04:36.203,2.7426854348089433,-10.722556584465485
2025-04-07 05:04:55.438,2.765013479772629,-9.995754033387
2025-04-07 06:04:00.500,2.706454391588985,-11.90191710095174
2025-04-07 07:04:38.056,2.5421779908420024,-17.24929558120319
2025-04-07 08:04:50.821,2.5615347127992254,-16.61921287929589
2025-04-07 09:04:39.818,2.6821353533223817,-12.69352868542721
2025-04-07 10:04:39.491,2.67032717320716,-13.07789800416047
2025-04-07 11:01:47.523,2.6980123658853343,-12.176714371723216
2025-04-07 12:04:41.136,2.682367857573917,-12.68596041496613
2025-04-07 13:07:28.757,2.752683436560681,-10.397110572928488
2025-04-07 14:04:50.079,2.84034044367182,-7.543778071498204
2025-04-07 15:04:51.554,2.8857384146900626,-6.06602391955567
2025-04-07 16:08:29.718,2.871633594563542,-6.525151409988948
2025-04-07 17:04:53.734,2.813742485833288,-8.409571007779192
2025-04-07 18:07:50.374,2.916285496089933,-5.071682644914883
2025-04-07 19:04:59.772,2.9079918857963056,-5.341648829991221
2025-04-07 20:05:13.577,2.8798759407241468,-6.256853929123849
2025-04-07 21:04:59.351,2.9565959918047753,-3.7595314391807557
2025-04-07 22:01:15.710,2.9624688074868883,-3.568364795315803
2025-04-07 23:02:36.994,2.9957038389491,-2.486527774152704
2025-04-08 00:25:35.299,2.9984738369061197,-2.396361277940505
2025-04-08 01:04:58.469,2.993967206515854,-2.5430570800020047
2025-04-08 02:04:51.132,3.1176113630103823,1.4816969238674627
2025-04-08 03:04:54.696,3.0743573914693934,0.07373232547129817
2025-04-08 04:09:08.241,3.0786448767055656,0.21329471046422935
2025-04-08 05:04:51.137,3.1364604591883665,2.0952558453925523
2025-04-08 06:04:25.582,3.102507308452114,0.9900432478545359
2025-04-08 07:04:54.888,3.0536083626683936,-0.6016715036366462
2025-04-08 08:04:55.321,3.05437058751882,-0.5768602419840388
2025-04-08 09:02:23.699,3.0229917957259524,-1.5982746095163862
2025-04-08 10:04:58.845,3.048114290883917,-0.7805096148667338
2025-04-08 11:05:46.715,3.0564833401103355,-0.5080878091172697
2025-04-08 12:08:41.381,3.1289272293859596,1.8500408860374158
2025-04-08 13:04:54.650,3.1341012812709925,2.018461995703332
2025-04-08 14:03:23.741,3.139694414057145,2.200524652067015
2025-04-08 15:04:41.326,3.0528705398073863,-0.6256884535530545
2025-04-08 16:09:36.450,3.024049955205146,-1.5638303484905562
2025-04-08 17:04:55.117,2.934076135260629,-4.4925776692840715
2025-04-08 18:05:14.647,2.9150644367944594,-5.111429475074517
2025-04-08 19:04:57.179,2.8989201213407534,-5.636944793422054
2025-04-08 20:09:13.305,2.8423058346809236,-7.479802421072633
2025-04-08 21:04:45.622,2.8669159270722577,-6.678716703026566
2025-04-08 22:04:49.740,2.860051818641933,-6.902151021891177
2025-04-08 23:04:35.755,2.824626459107671,-8.055285643585536
2025-04-09 00:04:59.569,2.8212609408397533,-8.164836984368037
2025-04-09 01:06:25.067,2.8138314508631033,-8.40667509769249
2025-04-09 02:04:14.290,2.869175608718238,-6.605161566981529
2025-04-09 03:09:39.750,2.8296853973258367,-7.890611611054188
2025-04-09 04:00:32.047,2.8232128753692582,-8.101299357231863
2025-04-09 05:07:45.723,2.9002714033294787,-5.592959070613393
2025-04-09 06:04:51.429,2.914511663660646,-5.129422851766322
2025-04-09 07:04:51.197,2.956891604582164,-3.7499089164257633
2025-04-09 08:09:08.286,2.995109791373307,-2.5058646795669755
2025-04-09 09:04:37.021,2.9798040326256667,-3.004084049962792
2025-04-09 10:33:54.774,2.968906821154904,-3.358800332085716
2025-04-09 11:04:48.687,2.9851143200149792,-2.8312283240006937
2025-04-09 12:07:34.569,2.9039860957145507,-5.472041726245216
2025-04-09 13:08:38.459,2.9313652657224725,-4.580819470085602
2025-04-09 14:04:46.921,2.962042999982228,-3.582225300396246
2025-04-09 15:04:52.842,2.928777603034821,-4.6650507516767385
2025-04-09 16:08:41.405,2.9503175342804617,-3.9639021735164586
2025-04-09 17:03:49.191,2.9855718733542447,-2.816334456903352
2025-04-09 18:04:53.403,3.3685975400614403,9.651574495451994
2025-04-09 19:06:17.400,3.332126781735269,8.46441098721205
2025-04-09 20:06:17.645,3.3993533893177372,10.652711394648396
2025-04-09 21:04:58.908,3.4293607060934037,11.62948273396832
2025-04-09 22:04:42.721,3.4187658003392865,11.284606837173392
2025-04-09 23:04:56.713,3.438820799528452,11.93741923504652
2025-04-10 00:07:13.331,3.384068423782162,10.155168866295785
2025-04-10 01:04:54.478,3.335826802660999,8.584850759356808
2025-04-10 02:04:56.344,3.3296720378046154,8.384506358125838
2025-04-10 03:04:43.107,3.3286066333913142,8.349826266484275
2025-04-10 04:43:42.686,3.259824169615141,6.11088101967506
2025-04-10 05:49:01.133,3.3067988040584937,7.6399573093786834
2025-04-10 06:19:33.273,3.321701489488065,8.12505619760418
2025-04-10 08:30:48.217,3.322930213481952,8.165052522171814
2025-04-10 08:43:00.571,3.3446928461687273,8.873450278475934
2025-04-10 09:00:58.863,3.3496732679728582,9.035568514916987
2025-04-10 10:04:35.319,3.3755033239566337,9.876365396777498
2025-04-10 11:33:03.950,3.3625763549429326,9.455578262384357
2025-04-10 12:04:57.978,3.3839750957395136,10.152130935317311
2025-04-10 13:04:43.410,3.373812846443065,9.821338484595945
2025-04-10 14:04:52.973,3.379332927158113,10.001023215273499
2025-04-10 15:04:45.231,3.4001443600542225,10.678458366675768
2025-04-10 16:04:55.480,3.271031138029084,6.475680232788307
2025-04-10 17:05:41.789,3.3330820664301886,8.495506560263918
2025-04-10 18:04:27.039,3.315101964004702,7.9102343462053275
2025-04-10 19:04:36.812,3.329663137539773,8.384216644664436
2025-04-10 20:04:53.473,3.3461371116327765,8.920462716215678
2025-04-10 21:09:52.307,3.3803948953392147,10.035591453757615
2025-04-10 22:08:16.358,3.376966512892131,9.923993814436043
2025-04-10 23:06:03.947,3.428617632395818,11.605294863515578
2025-04-11 00:03:41.969,3.465196105856713,12.795964618488467
2025-04-11 01:07:13.923,3.534066934966622,15.03778625461393
2025-04-11 02:04:39.399,3.568754417509932,16.166902164402337
2025-04-11 03:04:42.427,3.5994100088890715,17.164775558844855
2025-04-11 04:05:01.063,3.6270870639352797,18.065694302364058
2025-04-11 05:04:42.275,3.5974037297333026,17.099468954036418
2025-04-11 06:04:33.822,3.6182907694310273,17.779365190427647
2025-04-11 07:04:54.072,3.6588721009306937,19.100332400413542
2025-04-11 08:04:57.844,3.717159305450511,20.997645354106385
2025-04-11 09:04:29.916,3.719294477076082,21.067147551319756
2025-04-11 10:04:27.780,3.7646834552190223,22.544608975228027
2025-04-11 11:04:58.515,3.782576809151257,23.127057429915826
2025-04-11 12:04:46.116,3.7313275488723723,21.4588373429284
2025-04-11 13:04:59.549,3.7267380154326033,21.309442954941936
2025-04-11 14:04:36.066,3.764503904835851,22.538764411731844
2025-04-11 15:04:56.557,3.712845664269424,20.85723156418656
2025-04-11 16:05:03.422,3.704005919237997,20.569488089548543
2025-04-11 17:04:42.450,3.739773308933291,21.73375617115792
2025-04-11 18:04:43.122,3.771846787742493,22.777783369168457
2025-04-11 19:04:53.611,3.750740721749577,22.090757584697347
2025-04-11 20:02:55.188,3.756362443345998,22.273750838445135
2025-04-11 21:07:22.742,3.74707749025149,21.971515349099434
2025-04-11 22:04:57.270,3.717445929543382,21.00697528524177
2025-04-11 23:09:36.044,3.699171933824481,20.412136519532737
2025-04-12 00:04:57.607,3.722117442097989,21.159038184058282
2025-04-12 01:04:49.356,3.7446484443832238,21.892447220357578
2025-04-12 02:04:44.102,3.772706099222581,22.8057549079626
2025-04-12 03:04:48.896,3.736261734513595,21.619450541144733
2025-04-12 04:04:48.117,3.7667069088657645,22.610474628707014
2025-04-12 05:04:45.722,3.7881827324056094,23.309536430161497
2025-04-12 06:04:21.317,3.836987560223304,24.898187537794858
2025-04-12 07:04:41.263,3.866005775332115,25.842762524235894
2025-04-12 08:04:42.417,3.8939550725023615,26.752543049903238
2025-04-12 09:07:25.242,3.843205928951787,25.100602315387732
2025-04-12 10:04:49.395,3.874861518308354,26.13102674966603
2025-04-12 11:09:03.813,3.865268631924172,25.818767691267986
2025-04-12 12:04:03.973,3.839952876675135,24.994711866971507
2025-04-12 13:04:32.551,3.8179636483623733,24.27893817250093
2025-04-12 14:05:41.494,3.84415309338212,25.13143356484897
2025-04-12 15:06:26.727,3.9466408914952145,28.467524711394137
2025-04-12 16:07:48.759,3.9566994490117304,28.794941880029523
2025-04-12 17:09:05.096,3.894112528145958,26.75766840519671
2025-04-12 18:04:58.024,3.8693643285088877,25.952087143600522
2025-04-12 19:04:23.755,3.908990366854582,27.241958505183028
2025-04-12 20:04:55.418,3.8957705733311974,26.811639609231612
2025-04-12 21:02:10.181,3.9096483647003932,27.26337706259446
2025-04-12 22:03:26.662,3.8766457129778615,26.1891042588939
2025-04-12 23:01:48.907,3.953658200709457,28.69594588516519
2025-04-13 00:04:46.329,3.9568192387948815,28.79884116991939
2025-04-13 01:04:30.234,3.9589198788506,28.86721932635346
2025-04-13 02:04:43.103,3.934166096699401,28.061456347749946
2025-04-13 03:03:09.843,3.967381529029885,29.142655395505066
2025-04-13 04:04:43.205,4.047200147381542,31.740839676121478
2025-04-13 05:04:51.456,3.978518824429688,29.50518667497251
2025-04-13 06:04:32.694,3.946139919814792,28.451217529285657
2025-04-13 07:01:14.773,3.9611545780075916,28.93996125475946
2025-04-13 08:04:59.036,3.9416472657676342,28.304976672645587
2025-04-13 09:00:39.486,3.957697736765743,28.82743725020218
2025-04-13 10:03:33.941,3.9750836448737665,29.393367782242898
2025-04-13 11:04:53.380,3.9695482898596612,29.213185856242657
2025-04-13 12:04:50.525,3.9508146005544944,28.603383556030003
2025-04-13 13:04:51.924,3.9491122362154316,28.547969714535675
2025-04-13 14:04:47.223,3.8912987757649953,26.66607765410709
2025-04-13 15:04:43.022,3.862157054962693,25.717482420786038
2025-04-13 16:04:47.022,3.8324436483872972,24.75027818345342
2025-04-13 17:04:57.692,3.8761168790562683,26.171890130028792
2025-04-13 18:04:59.102,3.937694144647919,28.176298209340622
2025-04-13 19:04:25.348,3.859508532922905,25.63127009999233
2025-04-13 20:09:31.861,3.760427582199691,22.40607560284604
2025-04-13 21:04:58.009,3.7377128031720925,21.666684430385878
2025-04-13 22:04:25.200,3.7421441361546277,21.810929218571452
2025-04-13 23:02:48.607,3.711768450633602,20.82216706929481
2025-04-14 00:04:42.252,3.7637748146408523,22.51503171974948
2025-04-14 01:00:48.458,3.849013085733137,25.289631689435588
2025-04-14 02:04:47.313,3.851260878038487,25.36279981429741
2025-04-14 03:04:48.246,3.8818781964071176,26.359427379930437
2025-04-14 04:04:35.184,3.854606225066827,25.471694558928863
2025-04-14 05:03:33.362,3.933794845391228,28.049371707186456
2025-04-14 06:07:07.827,3.909047878217858,27.243830563646416
2025-04-14 07:04:39.358,3.878594255816323,26.2525314827365
2025-04-14 08:04:00.590,3.868369546782563,25.91970589850563
2025-04-14 09:04:32.963,3.865925943308864,25.840163903610993
2025-04-14 10:04:17.075,3.8825789913192517,26.38223902917023
2025-04-14 11:02:35.669,3.9167156720810974,27.49342573196546
2025-04-14 12:04:45.181,3.9388283566085804,28.213218062727393
2025-04-14 13:03:23.225,3.9538761203871657,28.70303941162246
2025-04-14 14:03:05.315,3.8951555871642527,26.791621129524124
2025-04-14 15:04:59.061,3.9417058052057588,28.306882196082
2025-04-14 16:00:56.248,3.8971494098601207,26.856522262790023
2025-04-14 17:04:51.122,3.8537924964723516,25.445206793461168
2025-04-14 18:04:56.879,3.8421163494158397,25.065135296774265
2025-04-14 19:04:59.125,3.8589067087188007,25.611680056728126
2025-04-14 20:04:58.702,3.909080667929089,27.244897905001665
2025-04-14 21:04:53.728,3.969198804931123,29.201809735402783
2025-04-14 22:04:55.004,3.9155134914012955,27.454293421619507
2025-04-14 23:01:55.813,3.9165615663252145,27.48840941922094
2025-04-15 00:04:51.969,3.9317418014222705,27.98254285600215
2025-04-15 01:04:59.051,4.013797716431446,30.65355361653871
2025-04-15 02:04:55.492,4.0066459531941145,30.420755815653962
2025-04-15 03:00:06.389,3.934361569558899,28.067819205455613
2025-04-15 04:00:11.804,4.01228212826724,30.604219546049304
2025-04-15 05:09:11.223,3.985614460916464,29.73615748806887
2025-04-15 06:00:42.008,3.929301902187118,27.903121438167883
2025-04-15 07:07:10.055,3.9169574994643725,27.50129748067301
2025-04-15 08:18:50.877,3.9661300209221415,29.10191742283963
2025-04-15 09:04:26.641,3.9433952660392055,28.361876014201474
2025-04-15 10:04:36.091,3.9657885534585398,29.090802279348125
2025-04-15 11:04:38.038,3.918410427929479,27.54859190867562
2025-04-15 12:04:50.004,3.928339609852018,27.87179775867998
2025-04-15 13:04:52.924,3.9137404085268113,27.396577613605654
2025-04-15 14:05:13.058,3.8940394292098333,26.755288954002353
2025-04-15 15:04:40.544,3.8595207003660668,25.631666163720457
2025-04-15 16:04:39.018,3.859076555412397,25.617208754399538
2025-04-15 17:04:33.363,3.8651302229396634,25.81426232578719
2025-04-15 18:04:44.933,3.8180288820477504,24.28106160108706
2025-04-15 19:04:58.469,3.7650297041100607,22.555879759469285
2025-04-15 20:03:06.866,3.7529579966217925,22.162932333368335
2025-04-15 21:04:42.392,3.732001274202062,21.480767847329528
2025-04-15 22:04:59.311,3.7698251330875716,22.711976274862337
2025-04-15 23:04:34.335,3.7357778681283826,21.6037001553082
2025-04-16 00:02:23.142,3.7272526778551396,21.326195785843698
2025-04-16 01:05:01.591,3.672624039545337,19.547973207463752
2025-04-16 02:04:50.343,3.7063122356130185,20.644561237586633
2025-04-16 03:04:55.318,3.6720874526859077,19.530506711899864
2025-04-16 04:04:34.868,3.6708687855017477,19.490837747608378
2025-04-16 05:04:53.059,3.64958602192928,18.798060261553164
2025-04-16 06:09:07.921,3.6585071979073938,19.088454403541803
2025-04-16 07:01:01.963,3.680246975024947,19.796108185796964
2025-04-16 08:03:58.677,3.6224061886409538,17.913326636017562
2025-04-16 09:07:05.863,3.6695593075065123,19.44821279100935
2025-04-16 10:04:41.417,3.6275341771129264,18.080248330657305
2025-04-16 11:04:24.633,3.6733529265222367,19.571699284472288
2025-04-16 12:04:54.744,3.6643285996412946,19.27794746654545
2025-04-16 13:03:28.545,3.69708547172052,20.344219871104542
2025-04-16 14:54:46.625,3.7226006317752387,21.174766542302418
2025-04-16 15:04:20.633,3.7273951585741076,21.330833690783155
2025-04-16 16:04:34.776,3.757497663650205,22.310703514529212
2025-04-16 17:05:45.802,3.7444219663095275,21.885075108648135
2025-04-16 18:04:38.411,3.5970213416929395,17.08702180052657
2025-04-16 19:04:59.059,3.6529491725158345,18.90753453168942
2025-04-16 20:04:59.053,3.7307577775715095,21.440290657104725
2025-04-16 21:02:21.700,3.6875272204729868,20.03308822469955
2025-04-16 22:04:31.734,3.6962202636865027,20.31605639296035
2025-04-16 23:04:51.242,3.6882982182323905,20.058185054239342
2025-04-17 00:04:45.663,3.63819222307001,18.427179510871195
2025-04-17 01:04:48.194,3.6803086651573667,19.798116267816322
2025-04-17 02:04:56.082,3.672823090898332,19.554452549089394
2025-04-17 03:09:35.056,3.6581409192387504,19.076531627893125
2025-04-17 04:04:45.262,3.673630933274366,19.58074871163858
2025-04-17 05:04:55.852,3.7208091849307907,21.116452966761706
2025-04-17 06:04:54.400,3.809281631573306,23.996328926547548
2025-04-17 07:04:59.320,3.8802591748628856,26.30672643855771
2025-04-17 08:03:39.239,3.89817509006713,26.88990928759481
2025-04-17 09:04:58.284,3.880431157595287,26.312324666653986
2025-04-17 10:06:14.296,3.875585821702728,26.15460362599542
2025-04-17 11:04:38.664,3.919127906699993,27.571946635952553
2025-04-17 12:08:12.981,3.9630231798944187,29.000786312237835
2025-04-17 13:05:43.880,3.978034258648923,29.489413523037435
2025-04-17 14:04:37.853,3.958267638402808,28.845988178613354
2025-04-17 15:04:51.437,3.9273650055403535,27.840073310741886
2025-04-17 16:04:41.369,4.003361443646106,30.313841398273617
2025-04-17 17:05:22.238,4.074076439244247,32.61569269263565
2025-04-17 18:09:37.552,4.0726840723569,32.57036961095039
2025-04-17 19:04:52.520,4.011412993561175,30.575928250388323
2025-04-17 20:09:29.531,4.017326220715055,30.768410332341155
2025-04-17 21:03:15.655,4.043229595264552,31.61159381458224
2025-04-17 22:04:57.113,4.058064990740854,32.09450234042815
2025-04-17 23:04:09.664,4.020273864516638,30.864359397212077
2025-04-18 00:05:04.738,4.018885580131955,30.819169205502444
2025-04-18 01:03:50.163,3.9912536825768425,29.91972038824782
2025-04-18 02:02:01.520,3.9959598213707714,30.07291040943955
2025-04-18 03:09:08.263,4.031499976039922,31.229781739700385
2025-04-18 04:04:44.370,4.00293126688949,30.299838669211077
2025-04-18 05:04:46.562,3.9943548938992857,30.020668245718145
2025-04-18 06:04:49.401,4.00829314088948,30.47437359638862
2025-04-18 07:09:08.569,4.064966976219631,32.31916959909952
2025-04-18 08:01:31.868,4.073034169456601,32.58176565863847
2025-04-18 09:09:23.955,4.008956974760654,30.495982122878353
2025-04-18 10:01:59.397,4.013630204329453,30.648100912405273
2025-04-18 11:08:47.365,4.0071136843015065,30.4359809803571
2025-04-18 12:04:39.238,4.017659274359926,30.779251596730045
2025-04-18 13:02:04.186,4.006813317930385,30.4262037228702
2025-04-18 14:05:57.350,3.997295101691138,30.11637526025053
2025-04-18 15:04:45.275,3.948360179791585,28.523489446411183
2025-04-18 16:04:43.611,3.927844126765597,27.855669236374837
2025-04-18 17:02:56.437,3.932919108095194,28.02086548992171
2025-04-18 18:03:00.934,3.9345439642701763,28.073756354976542
2025-04-18 19:08:31.871,3.9361669389270846,28.126585974537736
2025-04-18 20:06:43.768,3.9569139249166514,28.801923307874862
2025-04-18 21:05:01.741,3.9347582429602057,28.08073136325911
2025-04-18 22:04:51.670,3.9623563938028847,28.979081687711204
2025-04-18 23:08:45.526,3.907773904540828,27.202361311861132
2025-04-19 00:04:47.903,3.894162575477039,26.759297501159374
2025-04-19 01:04:41.114,3.9093328436945542,27.253106504991433
2025-04-19 02:09:28.598,3.900519358598219,26.966217820275563
2025-04-19 03:04:30.953,3.938953807290391,28.217301621127728
2025-04-19 04:04:43.747,3.948136110115734,28.51619573071451
2025-04-19 05:04:44.831,3.945383354049699,28.426590477117742
2025-04-19 06:04:46.773,3.9513526271765613,28.62089691745965
2025-04-19 07:04:49.072,3.9629000440320037,28.996778103768268
2025-04-19 08:08:02.363,4.020888164384304,30.884355537119205
2025-04-19 09:05:16.223,4.068088251662944,32.4207705658885
2025-04-19 10:04:52.155,3.9982141216717144,30.146290376753626
2025-04-19 11:04:47.700,3.9930146432290354,29.977041604522874
2025-04-19 12:05:16.433,4.0100497314117245,30.531552560101932
2025-04-19 13:05:12.266,4.032699693367241,31.26883386519936
2025-04-19 14:03:37.423,4.042340518023749,31.582653367365637
2025-04-19 15:09:30.189,4.060151420298496,32.16241792943767
2025-04-19 16:04:46.374,4.132556997012765,34.5192995083591
2025-04-19 17:04:48.809,4.10695137904787,33.68580833216815
2025-04-19 18:04:43.958,4.158184437497723,35.35350103170667
2025-04-19 19:04:57.482,4.1376402716145275,34.684765717084595
2025-04-19 20:00:21.654,4.139285141956587,34.738308065406926
2025-04-19 21:01:33.295,4.2367117924237006,37.90965326010246
2025-04-19 22:04:36.400,4.222238494035708,37.43853139484192
2025-04-19 23:04:48.861,4.239423607610926,37.997925842826774
2025-04-20 00:00:14.088,4.226181980231483,37.56689623071955
2025-04-20 01:04:41.377,4.224776229999097,37.52113750635569
2025-04-20 02:01:41.143,4.302141413309106,40.039459763670216
2025-04-20 03:04:44.694,4.340648647157041,41.29291280181903
2025-04-20 04:01:05.206,4.377851221480207,42.503897729910165
2025-04-20 05:04:47.439,4.388400428327157,42.847286076748745
2025-04-20 06:03:29.217,4.440301188580078,44.53671320823681
2025-04-20 07:01:19.938,4.329341209552985,40.924843205481565
2025-04-20 08:04:51.115,4.297012288280599,39.87250107285863
2025-04-20 09:03:38.126,4.28882470992412,39.605986344573104
2025-04-20 10:04:42.732,4.321996187274638,40.685754609130505
2025-04-20 11:00:58.266,4.229534285492075,37.67601747350435
2025-04-20 12:04:41.933,4.2563046179505575,38.54742139425462
2025-04-20 13:04:46.063,4.308277139109325,40.23918442257208
2025-04-20 14:04:29.159,4.277730298221323,39.24485097685854
2025-04-20 15:04:35.073,4.295542289387697,39.82465098355698
2025-04-20 16:04:43.007,4.279969118940607,39.317727066674244
2025-04-20 17:04:42.170,4.326313826657272,40.8262985449314
2025-04-20 18:04:47.141,4.292453530844052,39.72410847780524
2025-04-20 19:04:43.000,4.296966935121454,39.87102477738272
2025-04-20 20:04:44.372,4.379058553345245,42.54319771703107
2025-04-20 21:04:43.250,4.389512967503601,42.88350045704623
2025-04-20 22:02:21.278,4.362873079449071,42.01634264587343
2025-04-20 23:04:44.330,4.331659790043177,41.00031556402854
2025-04-21 00:04:46.009,4.348343222810788,41.54337974703102
2025-04-21 01:04:53.439,4.576927020115491,48.98403508817122
2025-04-21 02:04:55.078,4.647169328824932,51.270499901669034
2025-04-21 03:01:37.250,4.445994729894191,44.722044273204595
2025-04-21 04:04:41.583,4.476744260513396,45.7229754937773
2025-04-21 05:04:19.962,4.479335016507736,45.80730746592135
2025-04-21 06:04:57.556,4.479103512094007,45.79977174128633
2025-04-21 07:02:07.066,4.520026918818842,47.13187387807472
2025-04-21 08:04:45.966,4.488776533199277,46.11463927345858
2025-04-21 09:09:27.565,4.465864012477427,45.36881139021292
2025-04-21 10:03:16.271,4.4523094996949295,44.92759701228742
2025-04-21 11:04:45.944,4.479909372105815,45.82600337568813
2025-04-21 12:01:54.386,4.417473559670287,43.79364864733626
2025-04-21 13:08:34.408,4.409427904157582,43.53175366453577
2025-04-21 14:08:12.178,4.371185364167085,42.28691670411134
2025-04-21 15:09:35.505,4.388911866023148,42.86393393923597
2025-04-21 16:08:52.007,4.366314994455558,42.128380784966154
2025-04-21 17:04:49.411,4.265459752673764,38.84543115207784
2025-04-21 18:02:12.699,4.257985213056626,38.60212662314535
2025-04-21 19:04:38.764,4.2780365254658665,39.25481901225553
2025-04-21 20:09:29.317,4.338415999541511,41.22023765335595
2025-04-21 21:04:55.398,4.361385719251603,41.96792742691222
2025-04-21 22:07:41.037,4.379163975721702,42.546629331947386
2025-04-21 23:04:54.686,4.374711741413423,42.40170418249882
2025-04-22 00:09:33.071,4.363084439856264,42.023222660823
2025-04-22 01:04:58.877,4.3897434256622265,42.89100212492081
2025-04-22 02:04:42.339,4.458289196541811,45.12224275624118
2025-04-22 03:02:49.336,4.408957478605614,43.516440792682516
2025-04-22 04:03:16.486,4.382546199500789,42.65672445558928
2025-04-22 05:04:55.420,4.353910246223824,41.724592514431336
2025-04-22 06:04:33.415,4.35241366714207,41.67587721059354
2025-04-22 07:05:29.954,4.356135966214574,41.79704216104815
2025-04-22 08:04:37.728,4.376112964765577,42.44731555190589
2025-04-22 09:08:13.887,4.369703795469806,42.23869000488481
2025-04-22 10:04:44.368,4.370119909511923,42.25223497704169
2025-04-22 11:04:55.566,4.375205377462307,42.417772581689924
2025-04-22 12:07:36.031,4.419201436289294,43.849892941750994
2025-04-22 13:04:11.027,4.469555996676103,45.4889895580061
2025-04-22 14:09:27.919,4.517015464464989,47.033847709173834
2025-04-22 15:09:29.769,4.544917055836526,47.942075358346194
2025-04-22 16:09:38.020,4.50362783855828,46.59806568357753
2025-04-22 17:04:47.682,4.469525153774303,45.48798558745033
2025-04-22 18:04:52.643,4.502506678045858,46.56157066926158
2025-04-22 19:09:45.817,4.478036167446872,45.76502849288821
2025-04-22 20:09:47.492,4.438399903740678,44.474824284515556
2025-04-22 21:09:48.786,4.451531059745275,44.90225793122633
2025-04-22 22:04:42.553,4.51798569647474,47.065429833850295
2025-04-22 23:09:33.457,4.514797447236823,46.96164879599587
2025-04-23 00:02:12.136,4.5107047474642,46.82842689321045
2025-04-23 01:04:35.876,4.4897507926988265,46.14635249738107
2025-04-23 02:07:40.184,4.473844039012244,45.62857007721897
2025-04-23 03:09:18.612,4.515010818919496,46.968594280186124
2025-04-23 04:04:43.878,4.5269020564368,47.35566720919146
2025-04-23 05:04:49.938,4.612442820432775,50.14011365735085
2025-04-23 06:09:31.072,4.541426474512156,47.82845307679735
2025-04-23 07:05:13.854,4.527820349684578,47.38555866973845
2025-04-23 08:09:28.449,4.546053999101162,47.979084118697266
2025-04-23 09:01:56.252,4.619285876540846,50.36286269984911
2025-04-23 10:04:55.394,4.612410846731495,50.13907287802175
2025-04-23 11:03:13.130,4.631549743350798,50.76206512433622
2025-04-23 12:04:36.879,4.650296034721517,51.372277635716344
2025-04-23 13:01:25.833,4.66259204378437,51.772526326074164
2025-04-23 14:04:46.653,4.649777896965531,51.355411678868194
2025-04-23 15:00:27.133,4.571829280063383,48.818098013042935
2025-04-23 16:04:13.843,4.571111363536998,48.79472903632836
2025-04-23 17:04:55.292,4.567317480735882,48.67123395635927
2025-04-23 18:04:51.001,4.600816587479855,49.76166691992453
2025-04-23 19:04:58.942,4.632864936836213,50.80487612646003
2025-04-23 20:04:43.349,4.583749680215502,49.206120218055815
2025-04-23 21:04:43.953,4.593090481388143,49.51017362409445
2025-04-23 22:04:54.864,4.531588761337139,47.50822463565933
2025-04-23 23:06:04.756,4.512632463029238,46.89117616627496
2025-04-24 00:04:41.085,4.477403829026144,45.74444517813419
2025-04-24 01:04:45.955,4.483653346985523,45.947873897633585
2025-04-24 02:04:41.783,4.4256049742446235,44.0583351824143
2025-04-24 03:07:49.340,4.353976756964768,41.72675751258815
2025-04-24 04:05:43.420,4.321337105154653,40.66430075739586
2025-04-24 05:12:12.442,4.3540505655377775,41.72916006324775
2025-04-24 06:01:02.923,4.360535049759983,41.940237194397945
2025-04-24 07:24:23.049,4.353059404153397,41.69689666428605
2025-04-24 08:04:38.214,4.318070389783628,40.55796556015089
2025-04-24 09:04:47.198,4.2955282524079665,39.82419406434644
2025-04-24 10:04:45.704,4.338738589413779,41.2307383103771
2025-04-24 11:02:12.587,4.35122251752163,41.63710397342656
2025-04-24 12:03:05.826,4.3461676234992135,41.472561583938415
2025-04-24 13:04:53.627,4.396428229801457,43.108599890858436
2025-04-24 14:04:54.961,4.431165770335947,44.239345243607495
2025-04-24 15:04:39.066,4.641860597451763,51.09769482575286
2025-04-24 16:07:11.469,4.632128945269339,50.78091878719248
2025-04-24 17:01:42.066,4.603449987392047,49.847386998744845
2025-04-24 18:04:53.145,4.467487875741441,45.42166993491792
2025-04-24 19:04:43.276,4.494812014508031,46.31110086332563
2025-04-24 20:09:23.664,4.523870772083689,47.25699555188924
2025-04-24 21:02:59.718,4.503964187858602,46.60901422519526
2025-04-24 22:00:21.274,4.490771803208129,46.179587518362354
2025-04-24 23:04:58.172,4.471922783749061,45.56603109412282
2025-04-25 00:04:57.979,4.484690017812995,45.981618679286456
2025-04-25 01:08:12.250,4.4956349212720115,46.33788738835877
2025-04-25 02:04:51.961,4.484349991357038,45.970550442187076
2025-04-25 03:08:00.799,4.4120396614224555,43.61676925125621
2025-04-25 04:04:38.249,4.457805181459585,45.106487530152435
2025-04-25 05:04:37.446,4.431827596833394,44.260888427862895
2025-04-25 06:09:21.025,4.443461885898918,44.63959740066191
2025-04-25 07:05:25.572,4.538549791461158,47.73481386281733
2025-04-25 08:04:49.465,4.539206870402064,47.75620250885812
2025-04-25 09:09:39.392,4.591633028779585,49.46273193022028
2025-04-25 10:04:36.445,4.593566445070702,49.52566676822182
2025-04-25 11:06:08.458,4.546104478716694,47.98072728599677
2025-04-25 12:02:38.211,4.5665963417415005,48.64776008474843
2025-04-25 13:04:20.260,4.493926635982081,46.28228081336708
2025-04-25 14:01:30.134,4.475187249664253,45.67229306909326
2025-04-25 15:04:46.894,4.5213555848655576,47.17512342696513
2025-04-25 16:03:05.294,4.472811800776007,45.5949695813118
2025-04-25 17:04:58.360,4.4826013268953995,45.913629480510124
2025-04-25 18:09:38.446,4.414303827420389,43.690470357915565
2025-04-25 19:09:51.424,4.444562915329659,44.67543712601074
2025-04-25 20:08:32.179,4.432450271665213,44.281157182113205
2025-04-25 21:09:44.147,4.431961822948659,44.26525763632493
2025-04-25 22:04:48.873,4.377735240081524,42.500122407145554
2025-04-25 23:04:53.059,4.421728298240144,43.93214509213352
2025-04-26 00:07:58.243,4.433099747696048,44.3022983450248
2025-04-26 01:04:59.088,4.5244662236470505,47.27637815865122
2025-04-26 02:04:57.094,4.587914942417245,49.34170410813941
2025-04-26 03:06:03.499,4.562354415927571,48.50968070932329
2025-04-26 04:04:38.948,4.564898053448852,48.59247892307165
2025-04-26 05:04:53.017,4.497580984343712,46.40123389305148
2025-04-26 06:04:24.563,4.527635814857833,47.379551857092764
2025-04-26 07:04:54.978,4.558019977329436,48.36858994048343
2025-04-26 08:00:50.583,4.52679931862305,47.352322979759506
2025-04-26 09:06:53.707,4.4876118182089675,46.076726512730396
2025-04-26 10:04:54.490,4.438745979272324,44.48608942571689
2025-04-26 11:06:01.288,4.44606771953472,44.724420166706466
2025-04-26 12:04:47.761,4.379855877205743,42.569151490269526
2025-04-26 13:09:42.575,4.375627123261881,42.4315008737789
2025-04-26 14:04:45.192,4.356906865732593,41.82213579272223
2025-04-26 15:09:59.472,4.376155858174739,42.4487117798002
2025-04-26 16:04:40.009,4.438382443292791,44.474255927631276
2025-04-26 17:04:52.437,4.421560451830677,43.92668150592219
2025-04-26 18:09:55.867,4.430709240195979,44.2244846827786
2025-04-26 19:09:46.961,4.495199401800027,46.32371074800369
2025-04-26 20:09:56.795,4.517103501937969,47.03671342625997
2025-04-26 21:05:00.561,4.484770413749585,45.98423565591405
2025-04-26 22:09:53.664,4.492892283429511,46.248611494125505
2025-04-26 23:03:58.511,4.5071739378196245,46.71349513535955
2025-04-27 00:09:39.837,4.504126032095713,46.61428243405998
2025-04-27 01:04:59.552,4.517777890233166,47.05866551092138
2025-04-27 02:03:53.406,4.379677735324212,42.56335277505908
2025-04-27 03:01:57.637,4.41834959561285,43.82216458587573
2025-04-27 04:04:53.228,4.4352985972062005,44.373873327788225
2025-04-27 05:04:55.364,4.428939152015948,44.166866355380364
2025-04-27 06:05:34.273,4.383461223677916,42.686509504272045
2025-04-27 07:02:24.893,4.371519977724763,42.29780874538685
2025-04-27 08:05:30.490,4.43048927701322,44.21732463797251
2025-04-27 09:04:58.272,4.441499715176977,44.575726574144056
2025-04-27 10:05:12.274,4.4534410192677365,44.96442922547263
2025-04-27 11:03:45.743,4.400994701804065,43.25724360356691
2025-04-27 12:09:39.838,4.3936701595911964,43.01882165599142
2025-04-27 13:09:52.846,4.369182636373447,42.22172570006691
2025-04-27 14:03:47.504,4.38039193020318,42.58660060803528
2025-04-27 15:04:58.143,4.379239280292213,42.549080578979726
2025-04-27 16:09:46.270,4.3524507527457965,41.677084387999386
2025-04-27 17:03:29.320,4.3190318806108845,40.58926314967228
2025-04-27 18:04:43.673,4.337138337971398,41.1786483565732
2025-04-27 19:09:34.445,4.344715329128164,41.42528779639846
2025-04-27 20:05:39.395,4.355165436908969,41.76545035906291
2025-04-27 21:09:52.947,4.331657488232291,41.00024063753915
2025-04-27 22:05:48.200,4.367269690039351,42.1594571817995
2025-04-27 23:04:50.424,4.321900243738027,40.68263154093168
2025-04-28 00:04:55.656,4.264835156731019,38.82509986354278
2025-04-28 01:04:46.383,4.221151345287225,37.40314350104806
2025-04-28 02:01:29.414,4.142264398183935,34.83528614968947
2025-04-28 03:04:59.248,4.200678412163751,36.73672689151503
2025-04-28 04:02:42.854,4.286631454415111,39.53459345273202
2025-04-28 05:02:44.111,4.298660730303799,39.92615968335117
2025-04-28 06:10:29.734,4.2862080547538435,39.520811325616314
2025-04-28 07:03:54.036,4.389268601792329,42.87554608295584
2025-04-28 08:04:42.267,4.424510586450723,44.0227116496881
2025-04-28 09:04:48.655,4.417651286861941,43.7994338639327
2025-04-28 10:09:04.397,4.42875268888137,44.16079677418264
2025-04-28 11:09:22.528,4.44129289419814,44.56899432260661
2025-04-28 12:04:55.428,4.439119504915225,44.498248098390455
2025-04-28 13:04:50.020,4.426757886899599,44.09586376407785
2025-04-28 14:04:45.130,4.3756808938472735,42.43325116578608
2025-04-28 15:01:11.450,4.38518361623756,42.74257528649096
2025-04-28 16:02:39.695,4.3547794088598515,41.75288471924345
2025-04-28 17:09:42.492,4.369583378595433,42.23477030248231
2025-04-28 18:04:31.653,4.440083275766815,44.52961990522486
2025-04-28 19:04:59.450,4.421787317395605,43.93406623089966
2025-04-28 20:04:59.099,4.456577279091737,45.06651795042081
2025-04-28 21:04:56.567,4.448833190605483,44.81443930776577
2025-04-28 22:05:26.866,4.450044370155013,44.85386454127118
2025-04-28 23:09:31.766,4.493559351404475,46.27032529426944
2025-04-29 00:04:59.091,4.461508714183572,45.22704161521337
2025-04-29 01:00:39.332,4.480070070941814,45.83123430048022
2025-04-29 02:04:59.661,4.554619915022769,48.25791415304525
2025-04-29 03:05:35.590,4.501524778659214,46.529608758566944
2025-04-29 04:04:01.346,4.530263877792721,47.4650982114009
2025-04-29 05:04:47.567,4.4563969875268645,45.06064926064076
2025-04-29 06:05:21.614,4.460064674442987,45.180036525021954
2025-04-29 07:09:25.268,4.514612141358129,46.95561688475672
2025-04-29 08:04:37.727,4.563398580806319,48.543669430631184
2025-04-29 09:04:51.357,4.5176711219520405,47.05519008531997
2025-04-29 10:04:35.706,4.508066195354406,46.74253910466151
2025-04-29 11:07:37.992,4.486778598313529,46.049604283865335
2025-04-29 12:04:39.112,4.511263214554859,46.846605614493214
2025-04-29 13:04:58.451,4.4521590367457495,44.92269927692883
2025-04-29 14:04:43.188,4.468899450807517,45.46761826405875
2025-04-29 15:03:52.137,4.506167733674336,46.68074207789792
2025-04-29 16:04:56.496,4.465099220121576,45.3439165534199
2025-04-29 17:04:44.653,4.476164270491011,45.70409617726951
2025-04-29 18:04:40.759,4.466703624230311,45.39614168110512
2025-04-29 19:09:27.134,4.520535843407041,47.14843993612464
2025-04-29 20:04:56.914,4.5165367504285845,47.01826503798782
2025-04-29 21:04:59.906,4.519490881032646,47.114425255451685
2025-04-29 22:07:07.064,4.500899839166097,46.50926628708742
2025-04-29 23:02:54.221,4.4453528880732955,44.701151612267445
2025-04-30 00:09:24.532,4.443398883672854,44.637546608543694
2025-04-30 01:04:44.944,4.501305428528554,46.52246866928451
2025-04-30 02:09:21.975,4.481153451686792,45.86649954159381
2025-04-30 03:04:54.304,4.528476531894646,47.40691812619894
2025-04-30 04:04:54.141,4.541674265874456,47.83651895961637
2025-04-30 05:04:29.201,4.528877526588003,47.41997094683661
2025-04-30 06:04:56.135,4.480873151843821,45.857375471785204
2025-04-30 07:19:32.901,4.4568018472213655,45.073827891339086
2025-04-30 08:03:57.402,4.429918815632631,44.19875548929073
2025-04-30 09:09:22.022,4.442809898916551,44.61837450350165
2025-04-30 10:05:57.602,4.473258022499038,45.60949459177163
2025-04-30 11:07:50.991,4.472063433950113,45.57060941368013
2025-04-30 12:04:52.949,4.4800509938841175,45.83061332115922
2025-04-30 13:09:48.270,4.372636585537654,42.33415556429927
2025-04-30 14:03:19.596,4.198232806877062,36.657119735394225
2025-04-30 15:04:38.796,4.27091709319637,39.02307362012126
2025-04-30 16:09:25.697,4.297156592579967,39.877198337356376
2025-04-30 17:09:56.447,4.344675467773285,41.42399026522352
2025-04-30 18:09:42.643,4.398243758910505,43.16769737073897
2025-04-30 19:02:19.579,4.415856157704711,43.741000425039516
2025-04-30 20:09:53.591,4.425415565402551,44.05216971518063
2025-04-30 21:05:03.957,4.476373304128093,45.71090045327934
2025-04-30 22:05:38.623,4.434447235587071,44.34616056575824
2025-04-30 23:06:06.896,4.451704629710703,44.90790782551259
2025-05-01 00:14:57.431,4.481270199081815,45.87029979838623
2025-05-01 01:12:45.884,4.563478114819908,48.54625835071211
2025-05-01 02:02:46.232,4.584018894683606,49.2148834466557
2025-05-01 03:05:00.098,4.546806116840688,48.003566382714915
2025-05-01 04:09:40.943,4.510100847357018,46.80876927700577
2025-05-01 05:08:31.164,4.502547944982732,46.56291395368455
2025-05-01 06:04:19.662,4.530489387941883,47.472438816096556
2025-05-01 07:02:46.729,4.482948029563614,45.924915035700195
2025-05-01 08:08:12.094,4.534124792820238,47.59077526445506
2025-05-01 09:09:40.626,4.5395430942937365,47.76714696828564
2025-05-01 10:04:52.612,4.575231504456534,48.928844178786726
2025-05-01 11:09:58.160,4.598129133806979,49.674187331428165
2025-05-01 12:09:59.002,4.602380167742714,49.812563186288656
2025-05-01 13:09:55.553,4.610763111252616,50.08543726632805
2025-05-01 14:09:37.627,4.578337080620127,49.029934116662574
2025-05-01 15:09:34.009,4.618272402487375,50.32987299883801
2025-05-01 16:07:18.829,4.597936957530635,49.6679317811491
2025-05-01 17:04:15.695,4.627423073611214,50.62773746156653
2025-05-01 18:09:49.054,4.588745705398019,49.36874636171559
2025-05-01 19:02:00.313,4.6469390701025866,51.26300472566591
2025-05-01 20:09:51.911,4.652667580670447,51.449474078507706
2025-05-01 21:09:40.437,4.661504235533033,51.73711696473322
2025-05-01 22:00:12.207,4.6940300007688895,52.79586658601213
2025-05-01 23:09:52.090,4.653311959324335,51.470449316163666
2025-05-02 00:09:52.662,4.62915206267712,50.68401796735783
2025-05-02 01:06:16.559,4.63440897310666,50.85513621426189
2025-05-02 02:09:24.793,4.6102135105117785,50.06754715453522
2025-05-02 03:09:58.576,4.638140531816377,50.97660257614589
2025-05-02 04:09:40.487,4.611060076509122,50.09510381377369
2025-05-02 05:04:50.672,4.572218462910924,48.83076634503925
2025-05-02 06:04:58.547,4.6092973491956535,50.03772509072076
2025-05-02 07:09:25.900,4.574378417661683,48.901075260379535
2025-05-02 08:05:09.035,4.535209990609052,47.62609965235455
2025-05-02 09:04:49.921,4.583134514409753,49.18609589090664
2025-05-02 10:04:37.580,4.5920284454720495,49.47560318076146
2025-05-02 11:04:50.312,4.574323525108961,48.89928844709524
2025-05-02 12:09:38.039,4.630238100551339,50.71936970096613
2025-05-02 13:09:48.677,4.665790697421871,51.87664603863893
2025-05-02 14:04:49.384,4.7191400124346865,53.61322522918906
2025-05-02 15:09:53.824,4.7400331595598155,54.293320269095126
2025-05-02 16:16:19.303,4.872163512703475,58.59430935685005
2025-05-02 17:14:57.349,4.870172053927598,58.52948517179358
2025-05-02 18:06:18.295,4.869713532962883,58.514559807417974
2025-05-02 19:04:55.203,4.780879046250884,55.62289904307261
2025-05-02 20:09:43.072,4.754632771442999,54.76855377828554
2025-05-02 21:13:10.423,4.839387176831557,57.52740338431822
2025-05-02 22:09:49.484,4.819698731742559,56.88652272769442
2025-05-02 23:06:08.369,4.798374795536953,56.192405026907096
2025-05-03 00:02:44.343,4.84448429088539,57.693320082510525
2025-05-03 01:05:19.947,4.791442670313589,55.96675668622475
2025-05-03 02:11:16.088,4.768542338301114,55.221325558946
2025-05-03 03:04:00.985,4.777106844002538,55.50010968906778
2025-05-03 04:08:45.181,4.769479153154442,55.25181991823245
2025-05-03 05:00:07.477,4.7461067947497435,54.49102380998011
2025-05-03 06:00:44.440,4.744934760141602,54.45287278759838
2025-05-03 07:03:07.968,4.714821604420988,53.472656273597174
2025-05-03 08:14:54.026,4.671373565206592,52.05837455785628
2025-05-03 09:00:40.592,4.674667454482643,52.16559429575531
2025-05-03 10:00:35.421,4.639373755463819,51.016745369411886
2025-05-03 11:06:50.274,4.6089613100677616,50.02678664555857
2025-05-03 12:14:16.049,4.675021873257174,52.17713101873748
2025-05-03 13:10:00.652,4.701776926255804,53.04803757617549
2025-05-03 14:04:54.618,4.689949467714192,52.663040723347585
2025-05-03 15:08:46.936,4.675010546703945,52.17676232690639
2025-05-03 16:02:52.367,4.646912956047907,51.26215468431249
2025-05-03 17:06:38.981,4.6159940481279,50.255710045322786
2025-05-03 18:04:49.143,4.590726179858182,49.433212995150484
2025-05-03 19:09:35.623,4.580183522752066,49.09003784961792
2025-05-03 20:04:40.086,4.636230688994818,50.91443508064302
2025-05-03 21:04:40.626,4.613292169644218,50.16776091328558
2025-05-03 22:04:30.397,4.620263619864222,50.394689326089136
2025-05-03 23:04:59.610,4.62598237383259,50.580841090829864
2025-05-04 00:07:48.687,4.5836935159621,49.2042920095083
2025-05-04 01:07:07.905,4.553047277786895,48.20672307219544
2025-05-04 02:04:53.416,4.566738476152349,48.65238671697567
2025-05-04 03:05:58.512,4.565944252466907,48.62653385786307
2025-05-04 04:06:29.783,4.531040770782307,47.49038693720133
2025-05-04 05:00:33.712,4.522143088527874,47.20075754189486
2025-05-04 06:04:16.624,4.554877133259973,48.26628689106543
2025-05-04 07:09:47.684,4.539016446353607,47.75000399553414
2025-05-04 08:05:00.080,4.492573844275815,46.238245947583195
2025-05-04 09:08:55.144,4.451344393567384,44.89618174074428
2025-05-04 10:04:52.006,4.402669361776135,43.311755637283646
2025-05-04 11:04:55.004,4.401961607290249,43.28871744622323
2025-05-04 12:10:21.109,4.410887979675776,43.579280737018685
2025-05-04 13:06:40.910,4.392207522568908,42.971211203718056
2025-05-04 14:08:53.681,4.321294319892243,40.66290804979793
2025-05-04 15:01:51.815,4.361362415188713,41.96716885389851
2025-05-04 16:12:15.726,4.32907330651,40.916122665219305
2025-05-04 17:14:53.487,4.317564253568512,40.54149026672784
2025-05-04 18:07:15.354,4.299519426093019,39.95411118072681
2025-05-04 19:02:33.993,4.271422208945734,39.03951569625578
2025-05-04 20:04:58.409,4.292170145805154,39.71488398145799
2025-05-04 21:09:54.374,4.3708693053170125,42.27662863908384
2025-05-04 22:03:48.900,4.374921645782708,42.40853680180459
2025-05-04 23:09:29.238,4.314372921214897,40.43760887004851
2025-05-05 00:07:10.103,4.293185063721789,39.74792068181152
2025-05-05 01:04:57.324,4.33121184931095,40.98573459791871
2025-05-05 02:07:29.210,4.270177869938282,38.9990110857315
2025-05-05 03:09:51.851,4.359770617838447,41.91535409014042
2025-05-05 04:05:56.516,4.348828951376354,41.559190748897
2025-05-05 05:09:06.497,4.386555259106223,42.78722377845406
2025-05-05 06:01:55.078,4.433027006585353,44.29993054144383
2025-05-05 07:09:10.074,4.451036912855344,44.88617290359436
2025-05-05 08:04:56.341,4.475527100344188,45.683355584488766
2025-05-05 09:04:48.965,4.445589184170638,44.708843311502086
2025-05-05 10:04:52.021,4.445038735480564,44.69092559802407
2025-05-05 11:09:26.340,4.3858026892322695,42.762726796960884
2025-05-05 12:02:19.222,4.333695659330811,41.06658536034619
2025-05-05 13:09:53.530,4.334614182560846,41.096484307069915
2025-05-05 14:04:56.786,4.292694563576015,39.73195435973395
2025-05-05 15:09:50.469,4.346015487099015,41.46760937589888
2025-05-05 16:09:48.523,4.292045187164149,39.71081643952991
2025-05-05 17:09:52.849,4.303257547447504,40.07579116395415
2025-05-05 18:03:15.610,4.35108320834883,41.63256930582156
2025-05-05 19:04:38.647,4.41479369026509,43.706415935138565
2025-05-05 20:04:53.249,4.360757863383635,41.94749002420677
2025-05-05 21:04:46.737,4.312204250586903,40.367016243267315
2025-05-05 22:09:42.123,4.370390314132429,42.26103694641816
2025-05-05 23:04:56.159,4.402310859307533,43.30008598554424
2025-05-06 00:09:49.028,4.387240970132689,42.809544430537514
2025-05-06 01:02:33.799,4.3809984174355225,42.606342438024434
2025-05-06 02:02:41.838,4.3791493482806105,42.5461531925667
2025-05-06 03:09:46.201,4.332577477759413,41.03018731385431
2025-05-06 04:09:17.114,4.357475439022647,41.84064348196947
2025-05-06 05:04:54.635,4.388410811039034,42.84762404550022
2025-05-06 06:03:55.177,4.345107401742416,41.43805019349636
2025-05-06 07:04:54.017,4.347801272672668,41.52573867081571
2025-05-06 08:03:32.043,4.329321727370158,40.92420903888963
2025-05-06 08:32:51.000,4.2965577800927655,39.85770632880733
